TDSFU Daily run: Mon Oct 27 15:38:57 UTC 2025 TDSFU
TDSFU Daily run: Tue Oct 28 04:34:05 UTC 2025 TDSFU
TDSFU Daily run: Wed Oct 29 04:37:34 UTC 2025 TDSFU
TDSFU Daily run: Thu Oct 30 04:33:34 UTC 2025 TDSFU
TDSFU Daily run: Fri Oct 31 04:35:14 UTC 2025 TDSFU
TDSFU Daily run: Sat Nov  1 04:31:05 UTC 2025 TDSFU
TDSFU Daily run: Sun Nov  2 04:33:38 UTC 2025 TDSFU
TDSFU Daily run: Mon Nov  3 04:38:29 UTC 2025 TDSFU
TDSFU Daily run: Tue Nov  4 04:33:38 UTC 2025 TDSFU
TDSFU Daily run: Wed Nov  5 04:34:21 UTC 2025 TDSFU
TDSFU Daily run: Thu Nov  6 04:37:44 UTC 2025 TDSFU
TDSFU Daily run: Fri Nov  7 04:33:45 UTC 2025 TDSFU
